post_id,day_of_week,hour_of_day,is_weekend,content_length,has_image,has_video,reactions_count,comments_count,saves_count,engagement_score
69e8e5288aa53129cfe9f7aa,4,8,0,48,0,0,0,3,0,6
69e8e52a8aa53129cfe9f7b9,1,22,0,75,0,0,45,12,10,109
69e8e53a8aa53129cfe9f874,1,11,0,135,0,0,9,2,0,13
69e8e53d8aa53129cfe9f899,6,6,1,133,0,0,1,3,0,7
69e8e53f8aa53129cfe9f8a9,5,7,0,132,0,0,3,3,0,9
69e8e5418aa53129cfe9f8bf,3,19,0,32,0,0,28,11,8,82
69e8e54d8aa53129cfe9f943,6,10,1,71,0,0,3,3,0,9
69e8e54f8aa53129cfe9f959,1,1,0,66,0,0,1,0,0,1
69e8e54f8aa53129cfe9f960,5,17,0,117,0,0,3,3,0,9
69e8e5518aa53129cfe9f976,5,23,0,87,0,0,1,1,2,11
69e8e5528aa53129cfe9f982,1,2,0,110,0,0,0,0,0,0
69e8e5538aa53129cfe9f986,4,12,0,44,0,0,2,0,2,10
69e8e5548aa53129cfe9f992,5,9,0,120,0,0,8,0,2,16
69e8e5578aa53129cfe9f9b0,2,15,0,29,0,0,3,1,1,9
69e8e5598aa53129cfe9f9c1,5,16,0,72,0,0,8,4,2,24
69e8e55d8aa53129cfe9f9eb,0,19,1,33,0,0,15,12,6,63
69e8e5658aa53129cfe9fa48,2,17,0,130,0,0,8,3,0,14
69e8e5688aa53129cfe9fa6d,3,13,0,137,0,0,6,4,1,18
69e8e56b8aa53129cfe9fa90,5,18,0,204,0,0,54,23,0,100
69e8e57e8aa53129cfe9fb7b,4,5,0,38,0,0,1,0,0,1
69e8e57e8aa53129cfe9fb82,3,10,0,143,0,0,8,2,0,12
69e8e5818aa53129cfe9fba4,4,17,0,35,0,0,9,2,0,13
69e8e5848aa53129cfe9fbc9,0,6,1,126,0,0,6,2,0,10
69e8e5868aa53129cfe9fbe5,2,9,0,21,0,0,7,0,0,7
69e8e5898aa53129cfe9fbfe,5,15,0,121,0,0,7,3,0,13
69e8e58b8aa53129cfe9fc20,2,11,0,131,0,0,3,1,0,5
69e8e58d8aa53129cfe9fc30,5,7,0,142,0,0,4,0,2,12
69e8e58f8aa53129cfe9fc42,0,19,1,139,0,0,32,8,3,60
69e8e5998aa53129cfe9fcc1,1,20,0,108,0,0,19,11,7,69
69e8e5a38aa53129cfe9fd27,2,17,0,86,0,0,2,2,1,10
69e8e5a48aa53129cfe9fd38,4,0,0,122,0,0,1,0,0,1
69e8e5a58aa53129cfe9fd3f,5,3,0,136,0,0,0,0,0,0
69e8e5a68aa53129cfe9fd43,3,6,0,51,0,0,6,2,2,18
69e8e5a88aa53129cfe9fd61,4,6,0,76,0,0,3,3,1,13
69e8e5aa8aa53129cfe9fd78,5,7,0,103,0,0,7,1,2,17
69e8e5ad8aa53129cfe9fd96,0,15,1,120,0,0,3,2,0,7
69e8e5af8aa53129cfe9fda9,5,14,0,205,0,0,3,4,1,15
69e8e5b18aa53129cfe9fdc3,0,16,1,46,0,0,7,0,0,7
69e8e5b38aa53129cfe9fddc,1,16,0,124,0,0,4,4,2,20
69e8e5b68aa53129cfe9fdfa,4,0,0,114,0,0,1,0,0,1
69e8e5b78aa53129cfe9fe01,1,21,0,77,0,0,48,21,8,122
69e8e5c98aa53129cfe9fedc,6,23,1,146,0,0,6,0,0,6
69e8e5cb8aa53129cfe9fef2,5,23,0,43,0,0,1,3,1,11
69e8e5cc8aa53129cfe9ff03,0,8,1,120,0,0,2,0,2,10
69e8e5ce8aa53129cfe9ff0f,5,2,0,43,0,0,1,0,0,1
69e8e5cf8aa53129cfe9ff16,6,11,1,174,0,0,1,0,1,5
69e8e5cf8aa53129cfe9ff1e,2,1,0,48,0,0,1,0,0,1
69e8e5d08aa53129cfe9ff25,6,4,1,80,0,0,0,0,0,0
69e8e5d18aa53129cfe9ff29,0,19,1,29,0,0,31,26,10,123
69e8e5e28aa53129cfe9ffe9,0,23,1,170,0,0,5,3,0,11
69e8e5e58aa53129cfea0005,3,0,0,138,0,0,0,0,0,0
69e8e5e58aa53129cfea0009,1,16,0,158,0,0,1,2,1,9
69e8e5e68aa53129cfea0017,2,16,0,49,0,0,0,0,1,4
69e8e5e78aa53129cfea001c,3,11,0,141,0,0,0,1,1,6
69e8e5e88aa53129cfea0024,4,8,0,31,0,0,5,3,0,11
69e8e5ea8aa53129cfea0040,2,8,0,105,0,0,3,3,2,17
69e8e5ed8aa53129cfea0058,1,17,0,186,0,0,6,0,0,6
69e8e5ee8aa53129cfea006e,3,13,0,155,0,0,4,0,2,12
69e8e5f08aa53129cfea0080,6,23,1,27,0,0,0,0,1,4
69e8e5f18aa53129cfea0085,3,7,0,75,0,0,4,1,0,6
69e8e5f38aa53129cfea0098,0,16,1,66,0,0,4,0,2,12
69e8e5f58aa53129cfea00aa,3,12,0,44,0,0,5,3,0,11
69e8e5f78aa53129cfea00c6,4,14,0,129,0,0,0,4,1,12
69e8e5f88aa53129cfea00d7,3,18,0,165,0,0,33,12,6,81
69e8e6058aa53129cfea016a,1,0,0,70,0,0,1,0,0,1
69e8e6068aa53129cfea0171,2,8,0,76,0,0,3,1,1,9
69e8e6088aa53129cfea0182,1,19,0,40,0,0,50,32,2,122
69e8e61b8aa53129cfea027e,3,23,0,105,0,0,7,4,2,23
69e8e61f8aa53129cfea02a5,5,2,0,24,0,0,0,0,0,0
69e8e61f8aa53129cfea02a9,1,10,0,94,0,0,5,3,2,19
69e8e6228aa53129cfea02c7,4,9,0,112,0,0,1,3,2,15
69e8e6248aa53129cfea02d9,5,23,0,112,0,0,0,0,0,0
69e8e6258aa53129cfea02dd,2,0,0,46,0,0,0,0,0,0
69e8e6258aa53129cfea02e1,2,23,0,120,0,0,3,4,1,15
69e8e6278aa53129cfea02fb,0,4,1,48,0,0,1,0,0,1
69e8e6288aa53129cfea0302,6,2,1,165,0,0,0,0,0,0
69e8e6288aa53129cfea0306,0,18,1,35,0,0,25,18,6,85
69e8e6358aa53129cfea0393,0,0,1,214,0,0,0,0,0,0
69e8e6358aa53129cfea0397,1,0,0,131,0,0,0,0,0,0
69e8e6368aa53129cfea039b,0,15,1,146,0,0,4,0,0,4
69e8e6378aa53129cfea03ab,0,23,1,137,0,0,5,0,0,5
69e8e6398aa53129cfea03be,6,16,1,35,0,0,6,0,2,14
69e8e63b8aa53129cfea03d6,1,22,0,135,0,0,14,9,6,56
69e8e6448aa53129cfea042c,1,18,0,34,0,0,36,29,12,142
69e8e6578aa53129cfea0501,4,16,0,56,0,0,6,4,1,18
69e8e65a8aa53129cfea0524,3,18,0,115,0,0,3,6,4,31
69e8e65d8aa53129cfea0547,2,13,0,25,0,0,5,3,0,11
69e8e6608aa53129cfea0563,0,10,1,125,0,0,0,0,0,0
69e8e6608aa53129cfea0567,3,20,0,26,0,0,23,5,2,41
69e8e6688aa53129cfea05c1,2,3,0,158,0,0,1,0,0,1
69e8e6688aa53129cfea05c8,2,4,0,131,0,0,0,0,0,0
69e8e6698aa53129cfea05cc,4,21,0,138,0,0,57,14,7,113
69e8e67d8aa53129cfea06b1,2,9,0,153,0,0,6,4,1,18
69e8e6808aa53129cfea06d4,1,6,0,27,0,0,1,1,2,11
69e8e6818aa53129cfea06e0,0,1,1,83,0,0,0,0,0,0
69e8e6818aa53129cfea06e4,2,19,0,87,0,0,30,15,7,88
69e8e68e8aa53129cfea0778,0,6,1,120,0,0,7,2,2,19
69e8e6918aa53129cfea0799,3,22,0,170,0,0,16,5,4,42
69e8e6988aa53129cfea07e0,2,12,0,102,0,0,8,4,2,24
69e8e69b8aa53129cfea080a,3,7,0,68,0,0,1,4,0,9
69e8e69d8aa53129cfea081d,0,15,1,78,0,0,3,3,2,17
69e8e69f8aa53129cfea0835,3,21,0,41,0,0,30,13,1,60
69e8e6aa8aa53129cfea08bb,1,22,0,134,0,0,37,0,10,77
69e8e6b68aa53129cfea093c,3,2,0,120,0,0,1,0,0,1
69e8e6b78aa53129cfea0943,6,5,1,33,0,0,0,0,0,0
69e8e6b88aa53129cfea0947,1,5,0,92,0,0,0,0,0,0
69e8e6b88aa53129cfea094b,3,20,0,73,0,0,45,18,0,81
69e8e6c78aa53129cfea0a0c,1,5,0,40,0,0,1,0,0,1
69e8e6c88aa53129cfea0a13,6,6,1,182,0,0,1,1,1,7
69e8e6c98aa53129cfea0a1e,3,20,0,68,0,0,7,3,5,33
69e8e6cd8aa53129cfea0a46,0,9,1,87,0,0,5,2,0,9
69e8e6cf8aa53129cfea0a5f,3,15,0,180,0,0,3,0,0,3
69e8e6d18aa53129cfea0a6c,2,14,0,123,0,0,7,4,2,23
69e8e6d48aa53129cfea0a93,3,14,0,169,0,0,4,2,2,16
69e8e6d68aa53129cfea0aab,1,22,0,71,0,0,16,14,5,64
69e8e6df8aa53129cfea0b0f,2,14,0,28,0,0,0,0,0,0
69e8e6e08aa53129cfea0b13,4,4,0,79,0,0,0,0,0,0
69e8e6e08aa53129cfea0b17,2,8,0,78,0,0,7,2,0,11
69e8e6e38aa53129cfea0b36,2,10,0,101,0,0,8,0,0,8
69e8e6e58aa53129cfea0b52,4,17,0,34,0,0,6,1,2,16
69e8e6e78aa53129cfea0b6d,5,17,0,66,0,0,3,2,2,15
69e8e6ea8aa53129cfea0b82,5,23,0,119,0,0,4,4,0,12
69e8e6ec8aa53129cfea0b9e,3,3,0,128,0,0,0,0,0,0
69e8e6ec8aa53129cfea0ba2,0,1,1,56,0,0,1,0,0,1
69e8e6ed8aa53129cfea0ba9,5,13,0,98,0,0,1,1,1,7
69e8e6ee8aa53129cfea0bb4,4,14,0,149,0,0,1,1,0,3
69e8e6ef8aa53129cfea0bbe,4,15,0,213,0,0,0,3,0,6
69e8e6f08aa53129cfea0bcb,1,12,0,114,0,0,5,1,0,7
69e8e6f28aa53129cfea0be1,5,11,0,109,0,0,4,1,0,6
69e8e6f48aa53129cfea0bf4,1,4,0,61,0,0,0,0,0,0
69e8e6f48aa53129cfea0bf8,2,5,0,160,0,0,0,0,0,0
69e8e6f58aa53129cfea0bfc,0,4,1,123,0,0,1,0,0,1
69e8e6f58aa53129cfea0c03,5,7,0,150,0,0,5,2,1,13
69e8e6f88aa53129cfea0c1d,1,21,0,124,0,0,40,18,5,96
69e8e7078aa53129cfea0cd4,1,0,0,85,0,0,1,0,0,1
69e8e7088aa53129cfea0cdb,5,1,0,192,0,0,0,0,0,0
69e8e7088aa53129cfea0cdf,6,18,1,91,0,0,19,6,6,55
69e8e7108aa53129cfea0d35,2,4,0,102,0,0,1,0,0,1
69e8e7118aa53129cfea0d3c,2,17,0,174,0,0,1,2,1,9
69e8e7128aa53129cfea0d4a,4,5,0,108,0,0,0,0,0,0
69e8e7138aa53129cfea0d4e,5,19,0,187,0,0,1,13,7,55
69e8e7198aa53129cfea0d86,0,7,1,97,0,0,2,2,0,6
69e8e71a8aa53129cfea0d96,2,21,0,43,0,0,23,11,7,73
69e8e7248aa53129cfea0e07,4,20,0,133,0,0,3,23,9,85
69e8e72d8aa53129cfea0e63,2,10,0,145,0,0,4,3,0,10
69e8e72f8aa53129cfea0e7c,4,5,0,108,0,0,1,0,0,1
69e8e7308aa53129cfea0e83,1,1,0,93,0,0,1,0,0,1
69e8e7308aa53129cfea0e8a,6,23,1,65,0,0,1,4,1,13
69e8e7328aa53129cfea0e9e,3,0,0,119,0,0,1,0,0,1
69e8e7338aa53129cfea0ea5,3,22,0,99,0,0,50,3,12,104
69e8e7448aa53129cfea0f59,4,10,0,106,0,0,5,3,1,15
69e8e7468aa53129cfea0f76,6,4,1,33,0,0,0,0,0,0
69e8e7478aa53129cfea0f7a,1,3,0,152,0,0,1,0,0,1
69e8e7478aa53129cfea0f81,6,7,1,99,0,0,7,1,2,17
69e8e74a8aa53129cfea0f9f,5,9,0,136,0,0,5,0,1,9
69e8e74c8aa53129cfea0fb3,2,22,0,168,0,0,6,23,8,84
69e8e7568aa53129cfea101b,1,15,0,67,0,0,4,4,0,12
69e8e7598aa53129cfea1037,1,6,0,104,0,0,2,2,0,6
69e8e75a8aa53129cfea1047,2,22,0,76,0,0,50,20,9,126
69e8e76e8aa53129cfea112a,0,18,1,106,0,0,43,13,11,113
69e8e77f8aa53129cfea11e4,3,2,0,51,0,0,1,0,0,1
69e8e77f8aa53129cfea11eb,5,16,0,134,0,0,5,2,1,13
69e8e7828aa53129cfea1205,6,13,1,54,0,0,2,4,1,14
69e8e7848aa53129cfea121c,5,22,0,92,0,0,26,19,9,100
69e8e7928aa53129cfea12b4,0,1,1,148,0,0,0,0,0,0
69e8e7928aa53129cfea12b8,4,6,0,152,0,0,6,2,1,14
69e8e7958aa53129cfea12d5,2,16,0,30,0,0,2,2,1,10
69e8e7968aa53129cfea12e6,5,3,0,98,0,0,1,0,0,1
69e8e7978aa53129cfea12ed,3,13,0,66,0,0,3,3,0,9
69e8e7998aa53129cfea1303,6,16,1,46,0,0,8,1,2,18
69e8e79c8aa53129cfea1324,1,8,0,34,0,0,0,0,0,0
69e8e79c8aa53129cfea1328,5,13,0,181,0,0,4,4,1,16
69e8e79f8aa53129cfea1345,1,2,0,110,0,0,1,0,0,1
69e8e7a08aa53129cfea134c,3,12,0,112,0,0,3,2,2,15
69e8e7a28aa53129cfea1361,6,1,1,147,0,0,1,0,0,1
69e8e7a28aa53129cfea1368,3,11,0,151,0,0,8,4,1,20
69e8e7a68aa53129cfea1391,1,10,0,40,0,0,6,4,2,22
69e8e7a98aa53129cfea13b5,3,0,0,117,0,0,1,0,0,1
69e8e7aa8aa53129cfea13bc,0,21,1,80,0,0,47,6,9,95
69e8e7b98aa53129cfea146b,1,14,0,111,0,0,1,3,1,11
69e8e7bb8aa53129cfea147c,3,7,0,123,0,0,3,2,2,15
69e8e7bd8aa53129cfea1491,6,7,1,92,0,0,8,4,0,16
69e8e7c08aa53129cfea14b9,2,22,0,58,0,0,42,5,9,88
69e8e7cf8aa53129cfea1557,4,4,0,90,0,0,0,0,0,0
69e8e7cf8aa53129cfea155b,4,2,0,115,0,0,1,0,0,1
69e8e7d08aa53129cfea1562,0,4,1,144,0,0,0,0,0,0
69e8e7d08aa53129cfea1566,3,2,0,62,0,0,1,0,0,1
69e8e7d18aa53129cfea156d,6,15,1,79,0,0,8,3,0,14
69e8e7d48aa53129cfea1592,3,18,0,148,0,0,10,15,7,68
69e8e7dd8aa53129cfea15eb,2,18,0,43,0,0,15,9,3,45
69e8e7e38aa53129cfea163a,3,13,0,159,0,0,5,4,2,21
69e8e7e68aa53129cfea165b,1,7,0,162,0,0,8,3,2,22
69e8e7ea8aa53129cfea1682,5,4,0,156,0,0,1,0,0,1
69e8e7eb8aa53129cfea1689,6,22,1,31,0,0,10,2,10,54
69e8e7f18aa53129cfea16be,2,8,0,208,0,0,7,1,2,17
69e8e7f48aa53129cfea16dc,4,22,0,147,0,0,4,8,5,40
69e8e7f88aa53129cfea1709,3,13,0,165,0,0,9,3,2,23
69e8e7fc8aa53129cfea1733,0,4,1,45,0,0,0,0,0,0
69e8e7fc8aa53129cfea1737,4,2,0,56,0,0,0,0,0,0
69e8e7fd8aa53129cfea173b,3,6,0,35,0,0,0,0,2,8
69e8f25742021244057ac833,3,23,0,15,0,0,0,0,0,0
69eb2bfc0acce2d8d8155909,2,18,0,120,0,0,23,1,0,25
69eb2c020acce2d8d8155958,6,18,1,51,0,0,4,14,4,48
69eb2c080acce2d8d8155996,1,3,0,52,0,0,0,0,0,0
69eb2c080acce2d8d815599a,6,8,1,104,0,0,5,2,2,17
69eb2c0b0acce2d8d81559b5,5,10,0,38,0,0,0,3,2,14
69eb2c0d0acce2d8d81559c4,0,1,1,99,0,0,1,0,0,1
69eb2c0d0acce2d8d81559cb,0,15,1,90,0,0,6,0,0,6
69eb2c0f0acce2d8d81559e1,1,1,0,19,0,0,0,0,0,0
69eb2c0f0acce2d8d81559e5,4,5,0,42,0,0,0,0,0,0
69eb2c100acce2d8d81559e9,1,20,0,150,0,0,11,14,1,43
69eb2c160acce2d8d8155a39,0,23,1,74,0,0,9,3,0,15
69eb2c1a0acce2d8d8155a61,3,13,0,147,0,0,2,3,0,8
69eb2c1b0acce2d8d8155a74,4,18,0,123,0,0,3,34,15,131
69eb2c280acce2d8d8155af6,4,11,0,98,0,0,1,2,1,9
69eb2c290acce2d8d8155b04,2,13,0,109,0,0,3,2,0,7
69eb2c2b0acce2d8d8155b17,4,17,0,68,0,0,6,0,1,10
69eb2c2d0acce2d8d8155b2e,6,18,1,33,0,0,32,8,11,92
69eb2c390acce2d8d8155bb5,3,23,0,153,0,0,8,2,2,20
69eb2c3c0acce2d8d8155bd9,0,2,1,81,0,0,1,0,0,1
69eb2c3d0acce2d8d8155be0,5,3,0,123,0,0,0,0,0,0
69eb2c3d0acce2d8d8155be4,1,4,0,59,0,0,1,0,0,1
69eb2c3e0acce2d8d8155beb,4,9,0,50,0,0,4,3,2,18
69eb2c410acce2d8d8155c06,4,23,0,191,0,0,6,3,2,20
69eb2c440acce2d8d8155c27,6,0,1,29,0,0,1,0,0,1
69eb2c440acce2d8d8155c2e,0,15,1,137,0,0,6,1,0,8
69eb2c460acce2d8d8155c47,6,16,1,152,0,0,4,4,1,16
69eb2c490acce2d8d8155c64,6,6,1,181,0,0,3,4,2,19
69eb2c4b0acce2d8d8155c7f,0,14,1,132,0,0,0,4,1,12
69eb2c4d0acce2d8d8155c90,5,18,0,157,0,0,36,27,5,110
69eb2c5d0acce2d8d8155d56,0,3,1,80,0,0,0,0,0,0
69eb2c5e0acce2d8d8155d5a,1,13,0,27,0,0,0,1,0,2
69eb2c5e0acce2d8d8155d61,2,18,0,111,0,0,0,10,13,72
69eb2c640acce2d8d8155d91,4,5,0,162,0,0,1,0,0,1
69eb2c650acce2d8d8155d98,5,0,0,126,0,0,1,0,0,1
69eb2c660acce2d8d8155d9f,4,16,0,160,0,0,9,0,0,9
69eb2c680acce2d8d8155dbe,0,19,1,113,0,0,52,28,6,132
69eb2c7d0acce2d8d8155eb8,6,2,1,80,0,0,1,0,0,1
69eb2c7d0acce2d8d8155ebf,5,8,0,79,0,0,1,2,2,13
69eb2c7f0acce2d8d8155ece,0,20,1,110,0,0,32,11,8,86
69eb2c8c0acce2d8d8155f5c,1,10,0,139,0,0,8,1,1,14
69eb2c8e0acce2d8d8155f7c,3,8,0,51,0,0,9,3,2,23
69eb2c920acce2d8d8155fa6,2,14,0,113,0,0,5,0,0,5
69eb2c940acce2d8d8155fb9,6,12,1,136,0,0,2,2,1,10
69eb2c950acce2d8d8155fca,4,8,0,106,0,0,9,4,1,21
69eb2c990acce2d8d8155ff6,2,3,0,161,0,0,0,0,0,0
69eb2c9a0acce2d8d8155ffa,6,22,1,155,0,0,5,10,1,29
69eb2c9e0acce2d8d815602c,2,5,0,41,0,0,0,0,0,0
69eb2c9e0acce2d8d8156030,1,1,0,123,0,0,0,0,0,0
69eb2c9f0acce2d8d8156034,3,17,0,137,0,0,9,1,1,15
69eb2ca20acce2d8d8156057,2,7,0,76,0,0,1,4,2,17
69eb2ca40acce2d8d815606c,5,4,0,64,0,0,0,0,0,0
69eb2ca40acce2d8d8156070,0,17,1,62,0,0,4,4,0,12
69eb2ca70acce2d8d815608c,5,5,0,115,0,0,0,0,0,0
69eb2ca70acce2d8d8156090,1,14,0,154,0,0,8,4,2,24
69eb2cab0acce2d8d81560ba,0,11,1,67,0,0,0,0,0,0
69eb2cab0acce2d8d81560be,3,9,0,31,0,0,6,2,1,14
69eb2cae0acce2d8d81560db,0,4,1,171,0,0,0,0,0,0
69eb2cae0acce2d8d81560df,4,14,0,30,0,0,1,0,0,1
69eb2caf0acce2d8d81560e6,1,11,0,78,0,0,1,2,0,5
69eb2cb00acce2d8d81560f3,5,22,0,22,0,0,19,11,11,85
69eb2cba0acce2d8d815615c,0,4,1,120,0,0,0,0,0,0
69eb2cba0acce2d8d8156160,2,16,0,71,0,0,4,2,2,16
69eb2cbd0acce2d8d8156178,5,10,0,158,0,0,3,1,1,9
69eb2cbe0acce2d8d8156189,5,6,0,149,0,0,8,4,0,16
69eb2cc10acce2d8d81561b1,0,21,1,75,0,0,63,4,8,103
69eb2cd30acce2d8d8156287,6,10,1,73,0,0,4,2,0,8
69eb2cd50acce2d8d815629d,4,9,0,123,0,0,8,4,0,16
69eb2cd80acce2d8d81562c5,3,10,0,113,0,0,7,0,1,11
69eb2cdb0acce2d8d81562df,1,20,0,125,0,0,26,10,8,78
69eb2ce50acce2d8d8156357,5,16,0,168,0,0,5,3,1,15
69eb2ce80acce2d8d8156374,4,8,0,20,0,0,2,0,2,10
69eb2ce90acce2d8d8156380,6,19,1,70,0,0,46,12,6,94
69eb2cf80acce2d8d8156438,3,6,0,105,0,0,7,0,2,15
69eb2cfb0acce2d8d8156453,6,19,1,26,0,0,39,16,1,75
69eb2d080acce2d8d81564fd,5,22,0,45,0,0,4,13,2,38
69eb2d0d0acce2d8d8156536,4,3,0,96,0,0,0,0,0,0
69eb2d0d0acce2d8d815653a,4,16,0,20,0,0,9,4,1,21
69eb2d110acce2d8d8156566,1,17,0,36,0,0,8,4,2,24
69eb2d150acce2d8d8156590,5,19,0,118,0,0,2,5,6,36
69eb2d180acce2d8d81565af,0,11,1,78,0,0,5,4,1,17
69eb2d1b0acce2d8d81565cf,4,23,0,153,0,0,5,4,2,21
69eb2d1e0acce2d8d81565f0,4,15,0,70,0,0,0,4,0,8
69eb2d1f0acce2d8d8156600,4,22,0,160,0,0,58,6,7,98
69eb2d300acce2d8d81566cb,5,14,0,201,0,0,6,0,0,6
69eb2d320acce2d8d81566e1,5,15,0,80,0,0,7,0,1,11
69eb2d340acce2d8d81566fb,3,5,0,20,0,0,0,0,0,0
69eb2d350acce2d8d81566ff,1,15,0,94,0,0,9,4,0,17
69eb2d380acce2d8d815672a,1,3,0,149,0,0,0,0,0,0
69eb2d390acce2d8d815672e,3,21,0,38,0,0,1,2,3,17
69eb2d3a0acce2d8d815673e,3,18,0,65,0,0,34,12,5,78
69eb2d470acce2d8d81567d1,6,5,1,174,0,0,0,0,0,0
69eb2d470acce2d8d81567d5,0,21,1,129,0,0,30,17,7,92
69eb2d540acce2d8d815686e,0,7,1,146,0,0,8,4,1,20
69eb2d580acce2d8d8156897,1,17,0,140,0,0,0,2,2,12
69eb2d590acce2d8d81568a3,3,7,0,60,0,0,6,1,1,12
69eb2d5b0acce2d8d81568bd,5,18,0,151,0,0,2,12,8,58
69eb2d610acce2d8d81568f3,2,0,0,59,0,0,0,0,0,0
69eb2d610acce2d8d81568f7,5,11,0,172,0,0,4,0,1,8
69eb2d630acce2d8d8156908,5,19,0,26,0,0,12,12,1,40
69eb2d690acce2d8d8156955,6,12,1,120,0,0,2,1,2,12
69eb2d6b0acce2d8d8156964,4,6,0,64,0,0,0,1,1,6
69eb2d6c0acce2d8d815696c,2,6,0,138,0,0,9,4,2,25
69eb2d700acce2d8d8156999,6,15,1,168,0,0,4,3,1,14
69eb2d720acce2d8d81569b3,3,21,0,51,0,0,19,9,3,49
69eb2d7a0acce2d8d8156a0e,1,10,0,86,0,0,7,1,1,13
69eb2d7c0acce2d8d8156a2b,3,14,0,66,0,0,8,0,0,8
69eb2d7e0acce2d8d8156a47,0,20,1,88,0,0,20,10,3,52
69eb2d870acce2d8d8156aa8,2,16,0,91,0,0,2,4,2,18
69eb2d890acce2d8d8156ac0,0,20,1,76,0,0,61,24,17,177
69eb2da20acce2d8d8156bd7,6,10,1,70,0,0,1,2,2,13
69eb2da30acce2d8d8156be6,1,6,0,22,0,0,2,3,2,16
69eb2da50acce2d8d8156bfb,1,2,0,85,0,0,1,0,0,1
69eb2da60acce2d8d8156c02,1,6,0,142,0,0,4,1,1,10
69eb2da80acce2d8d8156c16,6,21,1,25,0,0,7,4,3,27
69eb2dac0acce2d8d8156c3e,4,18,0,68,0,0,57,12,14,137
69eb2dbf0acce2d8d8156d1f,3,10,0,73,0,0,8,4,2,24
69eb2dc30acce2d8d8156d49,2,16,0,190,0,0,8,0,1,12
69eb2dc50acce2d8d8156d66,1,10,0,159,0,0,2,3,2,16
69eb2dc70acce2d8d8156d7b,2,16,0,141,0,0,9,3,2,23
69eb2dcb0acce2d8d8156da5,5,20,0,108,0,0,3,2,5,27
69eb2dce0acce2d8d8156dbe,4,9,0,77,0,0,1,1,1,7
69eb2dcf0acce2d8d8156dc9,3,8,0,39,0,0,9,1,0,11
69eb2dd20acce2d8d8156deb,2,15,0,112,0,0,0,1,2,10
69eb2dd30acce2d8d8156df4,3,3,0,117,0,0,0,0,0,0
69eb2dd40acce2d8d8156df8,1,6,0,171,0,0,4,2,0,8
69eb2dd50acce2d8d8156e0e,1,21,0,133,0,0,32,17,0,66
69eb2de10acce2d8d8156ea5,2,19,0,69,0,0,2,8,5,38
69eb2de60acce2d8d8156ed1,0,13,1,44,0,0,8,0,1,12
69eb2de90acce2d8d8156eee,0,8,1,90,0,0,4,0,1,8
69eb2dea0acce2d8d8156eff,3,19,0,61,0,0,11,8,0,27
69eb2def0acce2d8d8156f3c,4,17,0,122,0,0,9,3,0,15
69eb2df20acce2d8d8156f64,6,1,1,114,0,0,1,0,0,1
69eb2df30acce2d8d8156f6b,2,19,0,123,0,0,34,17,13,120
69eb2e020acce2d8d8157015,0,9,1,42,0,0,2,0,1,6
69eb2e030acce2d8d8157020,5,22,0,34,0,0,28,5,7,66
69eb2e0d0acce2d8d815708e,4,20,0,83,0,0,11,13,6,61
69eb2e140acce2d8d81570e0,2,18,0,29,0,0,1,0,4,17
69eb2e160acce2d8d81570eb,5,1,0,33,0,0,1,0,0,1
69eb2e170acce2d8d81570f2,1,16,0,44,0,0,2,1,0,4
69eb2e180acce2d8d81570ff,0,18,1,166,0,0,11,12,10,75
69eb2e200acce2d8d8157153,6,2,1,137,0,0,1,0,0,1
69eb2e210acce2d8d815715a,2,21,0,79,0,0,25,11,4,63
69eb2e2a0acce2d8d81571ce,3,10,0,29,0,0,3,0,0,3
69eb2e2c0acce2d8d81571db,2,6,0,204,0,0,4,3,0,10
69eb2e2e0acce2d8d81571f4,6,17,1,94,0,0,8,2,2,20
69eb2e310acce2d8d8157218,1,11,0,57,0,0,8,2,0,12
69eb2e340acce2d8d815723a,0,0,1,185,0,0,0,0,0,0
69eb2e340acce2d8d815723e,0,17,1,25,0,0,0,0,1,4
69eb2e350acce2d8d8157243,1,23,0,108,0,0,0,0,2,8
69eb2e360acce2d8d8157249,0,4,1,108,0,0,0,0,0,0
69eb2e360acce2d8d815724d,1,23,0,62,0,0,7,2,1,15
69eb2e390acce2d8d815726d,5,6,0,40,0,0,6,0,1,10
69eb2e3b0acce2d8d8157284,1,23,0,50,0,0,1,2,2,13
69eb2e3d0acce2d8d8157293,4,10,0,145,0,0,9,1,0,11
69eb2e3f0acce2d8d81572b5,4,15,0,41,0,0,8,0,0,8
69eb2e420acce2d8d81572d1,2,12,0,48,0,0,9,1,0,11
69eb2e440acce2d8d81572f3,5,13,0,185,0,0,0,1,2,10
69eb2e460acce2d8d81572fc,4,9,0,96,0,0,8,2,2,20
69eb2e490acce2d8d8157320,5,20,0,86,0,0,0,9,11,62
69eb2e4e0acce2d8d815734a,2,11,0,62,0,0,5,3,2,19
69eb2e510acce2d8d8157368,1,0,0,123,0,0,0,0,0,0
69eb2e510acce2d8d815736c,0,17,1,35,0,0,4,1,1,10
69eb2e530acce2d8d8157380,6,16,1,71,0,0,9,4,0,17
69eb2e560acce2d8d81573ab,1,11,0,125,0,0,8,1,0,10
69eb2e590acce2d8d81573ca,5,15,0,104,0,0,6,1,1,12
69eb2e5b0acce2d8d81573e4,6,15,1,64,0,0,1,2,1,9
69eb2e5d0acce2d8d81573f2,5,17,0,136,0,0,5,1,0,7
69eb2e5e0acce2d8d8157408,2,23,0,28,0,0,8,4,0,16
69eb2e620acce2d8d8157430,1,7,0,39,0,0,1,2,1,9
69eb2e630acce2d8d815743e,6,19,1,150,0,0,14,11,3,48
69eb2e6a0acce2d8d8157490,0,13,1,24,0,0,6,4,1,18
69eb2e6d0acce2d8d81574b3,1,14,0,107,0,0,0,4,2,16
69eb2e6f0acce2d8d81574c5,3,2,0,164,0,0,0,0,0,0
69eb2e700acce2d8d81574c9,4,22,0,159,0,0,20,4,5,48
69eb2e770acce2d8d815751a,5,16,0,136,0,0,1,0,0,1
69eb2e780acce2d8d8157521,1,9,0,175,0,0,5,4,0,13
69eb2e7b0acce2d8d8157540,4,23,0,174,0,0,5,0,2,13
69eb2e7d0acce2d8d8157555,1,19,0,82,0,0,46,4,0,54
69eb2e890acce2d8d81575ef,2,8,0,45,0,0,0,1,0,2
69eb2e8a0acce2d8d81575f6,6,5,1,78,0,0,0,0,0,0
69eb2e8a0acce2d8d81575fa,6,6,1,54,0,0,1,1,0,3
69eb2e8b0acce2d8d8157604,6,5,1,70,0,0,1,0,0,1
69eb2e8c0acce2d8d815760b,5,6,0,126,0,0,7,2,2,19
69eb2e8f0acce2d8d815762c,0,16,1,59,0,0,9,4,2,25
69eb2e930acce2d8d8157659,2,12,0,181,0,0,8,4,2,24
69eb2e970acce2d8d8157683,6,2,1,87,0,0,1,0,0,1
69eb2e980acce2d8d815768a,1,12,0,76,0,0,7,0,2,15
69eb2e9a0acce2d8d81576a5,6,5,1,78,0,0,1,0,0,1
69eb2e9b0acce2d8d81576ac,2,16,0,163,0,0,3,3,2,17
69eb2e9d0acce2d8d81576c4,3,23,0,68,0,0,9,1,0,11
69eb2ea00acce2d8d81576e6,0,9,1,77,0,0,4,2,0,8
69eb2ea20acce2d8d81576fc,4,5,0,90,0,0,0,0,0,0
69eb2ea20acce2d8d8157700,6,23,1,79,0,0,9,4,0,17
69eb2ea60acce2d8d815772b,1,2,0,130,0,0,0,0,0,0
69eb2ea70acce2d8d815772f,1,4,0,185,0,0,0,0,0,0
69eb2ea70acce2d8d8157733,2,13,0,24,0,0,5,3,0,11
69eb2ea90acce2d8d815774f,1,13,0,109,0,0,1,4,0,9
69eb2eab0acce2d8d8157762,3,10,0,157,0,0,0,1,2,10
69eb2eac0acce2d8d815776b,5,15,0,79,0,0,3,3,0,9
69eb2eae0acce2d8d8157781,2,7,0,129,0,0,8,1,1,14
69eb2eb10acce2d8d81577a1,0,8,1,94,0,0,9,3,2,23
69eb2eb50acce2d8d81577cb,0,19,1,58,0,0,0,12,4,40
69eb2eb90acce2d8d81577f7,0,5,1,137,0,0,0,0,0,0
69eb2eba0acce2d8d81577fb,3,15,0,89,0,0,9,3,0,15
69eb2ebd0acce2d8d8157823,1,8,0,107,0,0,4,1,0,6
69eb2ebf0acce2d8d8157836,3,15,0,72,0,0,2,4,0,10
69eb2ec10acce2d8d815784c,5,13,0,40,0,0,6,2,0,10
69eb2ec30acce2d8d8157868,5,19,0,125,0,0,2,0,1,6
69eb2ec40acce2d8d8157873,3,21,0,27,0,0,24,8,12,88
69eb2ed00acce2d8d81578e4,2,11,0,177,0,0,6,3,2,20
69eb2ed30acce2d8d8157905,1,5,0,138,0,0,0,0,0,0
69eb2ed30acce2d8d8157909,1,14,0,116,0,0,9,4,1,21
69eb2ed70acce2d8d8157935,0,12,1,125,0,0,8,1,2,18
69eb2eda0acce2d8d8157956,4,7,0,56,0,0,9,4,1,21
69eb2ede0acce2d8d8157982,3,13,0,130,0,0,5,1,1,11
69eb2ee00acce2d8d8157999,6,15,1,163,0,0,3,4,0,11
69eb2ee20acce2d8d81579b2,5,7,0,30,0,0,0,1,2,10
69eb2ee40acce2d8d81579bb,5,23,0,56,0,0,2,1,0,4
69eb2ee50acce2d8d81579c8,1,17,0,134,0,0,1,0,0,1
69eb2ee50acce2d8d81579cf,5,6,0,92,0,0,6,0,2,14
69eb2ee80acce2d8d81579e7,2,2,0,60,0,0,1,0,0,1
69eb2ee90acce2d8d81579ee,0,10,1,199,0,0,0,1,1,6
69eb2ee90acce2d8d81579f6,5,6,0,96,0,0,3,4,1,15
69eb2eec0acce2d8d8157a10,4,16,0,33,0,0,5,1,1,11
69eb2eee0acce2d8d8157a27,5,21,0,182,0,0,68,9,19,162
69eb2f050acce2d8d8157b25,1,22,0,103,0,0,49,8,5,85
69eb2f140acce2d8d8157bd9,6,2,1,151,0,0,1,0,0,1
69eb2f150acce2d8d8157be0,5,8,0,194,0,0,0,2,0,4
69eb2f160acce2d8d8157bea,6,1,1,99,0,0,1,0,0,1
69eb2f170acce2d8d8157bf1,3,10,0,193,0,0,3,1,0,5
69eb2f180acce2d8d8157c01,4,8,0,87,0,0,6,0,0,6
69eb2f1a0acce2d8d8157c17,1,19,0,68,0,0,20,9,1,42
69eb2f220acce2d8d8157c73,3,0,0,119,0,0,1,0,0,1
69eb2f220acce2d8d8157c7a,3,17,0,128,0,0,4,2,0,8
69eb2f240acce2d8d8157c90,6,15,1,128,0,0,0,3,1,10
69eb2f260acce2d8d8157c9e,1,18,0,64,0,0,39,0,4,55
69eb2f300acce2d8d8157d1b,2,7,0,54,0,0,7,3,2,21
69eb2f340acce2d8d8157d3f,0,16,1,31,0,0,7,1,0,9
69eb2f360acce2d8d8157d5b,2,23,0,83,0,0,4,0,2,12
69eb2f380acce2d8d8157d6d,3,12,0,175,0,0,5,0,2,13
69eb2f3a0acce2d8d8157d82,1,20,0,48,0,0,24,13,5,70
69eb2f450acce2d8d8157dfa,5,23,0,128,0,0,5,1,0,7
69eb2f470acce2d8d8157e10,2,20,0,66,0,0,14,25,9,100
69eb2f530acce2d8d8157e94,6,8,1,163,0,0,8,0,2,16
69eb2f560acce2d8d8157eb2,5,0,0,25,0,0,0,0,0,0
69eb2f560acce2d8d8157eb6,0,20,1,84,0,0,26,2,1,34
69eb2f5e0acce2d8d8157f0f,4,14,0,121,0,0,7,3,0,13
69eb2f610acce2d8d8157f31,2,9,0,188,0,0,1,0,2,9
69eb2f620acce2d8d8157f3a,6,18,1,195,0,0,35,6,2,55
69eb2f6c0acce2d8d8157fbb,3,3,0,56,0,0,1,0,0,1
69eb2f6d0acce2d8d8157fc2,0,3,1,150,0,0,1,0,0,1
69eb2f6e0acce2d8d8157fc9,5,12,0,114,0,0,4,2,2,16
69eb2f700acce2d8d8157fe1,2,15,0,21,0,0,5,0,0,5
69eb2f720acce2d8d8157ff4,2,18,0,142,0,0,24,11,7,74
69eb2f7c0acce2d8d8158068,6,6,1,150,0,0,0,3,1,10
69eb2f7e0acce2d8d8158076,2,15,0,83,0,0,0,4,0,8
69eb2f7f0acce2d8d8158086,2,15,0,143,0,0,9,1,0,11
69eb2f820acce2d8d81580a8,0,8,1,47,0,0,4,4,2,20
69eb2f850acce2d8d81580c6,0,4,1,53,0,0,1,0,0,1
69eb2f860acce2d8d81580cd,0,8,1,126,0,0,4,2,2,16
69eb2f880acce2d8d81580e5,5,18,0,115,0,0,12,10,2,40
69eb2f8e0acce2d8d815812d,4,6,0,162,0,0,1,2,2,13
69eb2f900acce2d8d815813c,3,16,0,37,0,0,5,4,2,21
69eb2f930acce2d8d815815d,1,19,0,56,0,0,19,12,3,55
69eb2f9b0acce2d8d81581c1,2,21,0,80,0,0,28,4,4,52
69eb2fa30acce2d8d8158229,3,20,0,102,0,0,12,5,3,34
69eb2fa80acce2d8d8158263,1,3,0,35,0,0,0,0,0,0
69eb2fa90acce2d8d8158267,2,11,0,64,0,0,1,3,0,7
69eb2faa0acce2d8d8158277,4,0,0,190,0,0,1,0,0,1
69eb2fab0acce2d8d815827e,2,15,0,202,0,0,7,1,2,17
69eb2fae0acce2d8d815829c,1,4,0,115,0,0,0,0,0,0
69eb2fae0acce2d8d81582a0,6,11,1,95,0,0,9,3,2,23
69eb2fb20acce2d8d81582ca,2,16,0,44,0,0,6,3,1,16
69eb2fb40acce2d8d81582ea,0,0,1,127,0,0,1,0,0,1
69eb2fb50acce2d8d81582f1,6,5,1,27,0,0,1,0,0,1
69eb2fb60acce2d8d81582f8,3,9,0,37,0,0,7,2,0,11
69eb2fb80acce2d8d8158317,4,12,0,127,0,0,4,2,0,8
69eb2fba0acce2d8d815832d,2,12,0,58,0,0,5,1,1,11
69eb2fbc0acce2d8d8158344,0,11,1,64,0,0,5,1,0,7
69eb2fbe0acce2d8d815835a,2,9,0,53,0,0,8,4,1,20
69eb2fc20acce2d8d8158384,0,17,1,70,0,0,1,4,1,13
69eb2fc30acce2d8d8158398,1,21,0,62,0,0,31,14,4,75
69eb2fcf0acce2d8d8158427,3,2,0,145,0,0,1,0,0,1
69eb2fd00acce2d8d815842e,5,17,0,155,0,0,8,4,0,16
69eb2fd30acce2d8d8158456,6,14,1,116,0,0,8,4,0,16
69eb2fd60acce2d8d815847e,1,21,0,125,0,0,45,1,8,79
69eb2fe30acce2d8d8158514,0,3,1,98,0,0,1,0,0,1
69eb2fe40acce2d8d815851b,0,10,1,113,0,0,0,0,0,0
69eb2fe40acce2d8d815851f,4,20,0,88,0,0,14,8,5,50
69eb2feb0acce2d8d815856a,6,21,1,123,0,0,15,28,12,119
69eb2ff90acce2d8d81585fe,5,11,0,94,0,0,1,2,0,5
69eb2ffa0acce2d8d815860b,3,3,0,21,0,0,0,0,0,0
69eb2ffa0acce2d8d815860f,2,12,0,40,0,0,5,0,0,5
69eb2ffc0acce2d8d8158622,6,4,1,132,0,0,0,0,0,0
69eb2ffc0acce2d8d8158626,2,2,0,107,0,0,1,0,0,1
69eb2ffd0acce2d8d815862d,3,5,0,50,0,0,1,0,0,1
69eb2ffe0acce2d8d8158634,1,9,0,120,0,0,0,2,2,12
69eb2fff0acce2d8d8158640,6,0,1,101,0,0,1,0,0,1
69eb30000acce2d8d8158647,0,14,1,57,0,0,3,0,2,11
69eb30010acce2d8d8158656,3,17,0,58,0,0,3,1,1,9
69eb30030acce2d8d8158667,3,6,0,18,0,0,1,2,1,9
69eb30040acce2d8d8158675,3,5,0,138,0,0,0,0,0,0
69eb30050acce2d8d8158679,5,14,0,143,0,0,7,0,1,11
69eb30070acce2d8d8158693,2,11,0,127,0,0,5,2,2,17
69eb300a0acce2d8d81586ae,1,18,0,74,0,0,14,10,2,42
69eb30100acce2d8d81586fc,5,11,0,100,0,0,4,1,2,14
69eb30120acce2d8d8158711,3,18,0,26,0,0,18,12,2,50
69eb301a0acce2d8d8158771,0,12,1,100,0,0,0,3,1,10
69eb301b0acce2d8d815877f,5,19,0,30,0,0,46,30,4,122
69eb302e0acce2d8d815886b,3,18,0,133,0,0,50,32,6,138
69eb30430acce2d8d815896c,0,10,1,95,0,0,5,4,0,13
69eb30450acce2d8d815898b,0,2,1,108,0,0,0,0,0,0
69eb30460acce2d8d815898f,3,0,0,71,0,0,0,0,0,0
69eb30460acce2d8d8158993,4,16,0,137,0,0,6,0,1,10
69eb30480acce2d8d81589aa,2,23,0,109,0,0,2,4,1,14
69eb304a0acce2d8d81589c1,0,23,1,85,0,0,2,4,0,10
69eb304c0acce2d8d81589d7,6,14,1,41,0,0,1,4,0,9
69eb304d0acce2d8d81589ea,2,18,0,112,0,0,0,11,7,50
69eb30520acce2d8d8158a17,4,19,0,63,0,0,21,7,7,63
69eb305b0acce2d8d8158a77,3,4,0,34,0,0,0,0,0,0
69eb305b0acce2d8d8158a7b,3,18,0,28,0,0,14,6,5,46
69eb30610acce2d8d8158ac0,4,11,0,127,0,0,4,3,2,18
69eb30640acce2d8d8158adb,3,13,0,106,0,0,8,4,1,20
69eb30670acce2d8d8158b04,6,22,1,149,0,0,24,8,3,52
69eb30700acce2d8d8158b6b,5,9,0,121,0,0,8,0,1,12
69eb30720acce2d8d8158b88,4,11,0,131,0,0,9,2,1,17
69eb30750acce2d8d8158bae,6,7,1,135,0,0,2,4,2,18
69eb30780acce2d8d8158bc6,2,10,0,59,0,0,4,3,0,10
69eb307a0acce2d8d8158bdf,6,0,1,40,0,0,0,0,0,0
69eb307a0acce2d8d8158be3,1,18,0,123,0,0,15,12,8,71
69eb30830acce2d8d8158c40,3,20,0,54,0,0,21,5,2,39
69eb308a0acce2d8d8158c94,0,22,1,96,0,0,16,3,4,38
69eb308f0acce2d8d8158cd5,3,12,0,92,0,0,8,1,0,10
69eb30920acce2d8d8158cf4,1,2,0,163,0,0,1,0,0,1
69eb30920acce2d8d8158cfb,5,5,0,45,0,0,1,0,0,1
69eb30930acce2d8d8158d02,0,20,1,90,0,0,17,6,7,57
69eb309a0acce2d8d8158d52,3,1,0,139,0,0,1,0,0,1
69eb309b0acce2d8d8158d59,3,16,0,39,0,0,3,4,2,19
69eb309e0acce2d8d8158d74,4,22,0,82,0,0,25,5,5,55
69eb30a60acce2d8d8158dd7,3,18,0,124,0,0,18,11,4,56
69eb30ae0acce2d8d8158e36,4,6,0,149,0,0,9,3,1,19
69eb30b20acce2d8d8158e5f,5,4,0,33,0,0,0,0,0,0
69eb30b20acce2d8d8158e63,6,15,1,126,0,0,5,2,1,13
69eb30b50acce2d8d8158e7d,0,19,1,162,0,0,9,15,6,63
69eb30bc0acce2d8d8158ed0,3,10,0,106,0,0,1,1,1,7
69eb30bd0acce2d8d8158edb,1,1,0,42,0,0,1,0,0,1
69eb30be0acce2d8d8158ee2,3,14,0,131,0,0,9,0,0,9
69eb30c10acce2d8d8158f01,4,1,0,70,0,0,1,0,0,1
69eb30c10acce2d8d8158f08,0,13,1,77,0,0,5,2,0,9
69eb30c30acce2d8d8158f21,0,21,1,64,0,0,26,4,15,94
69eb30ce0acce2d8d8158f90,2,11,0,139,0,0,9,4,2,25
69eb30d20acce2d8d8158fbd,5,15,0,81,0,0,1,4,1,13
69eb30d40acce2d8d8158fd1,5,0,0,111,0,0,0,0,0,0
69eb30d50acce2d8d8158fd5,1,23,0,83,0,0,3,2,0,7
69eb30d60acce2d8d8158fe8,5,3,0,31,0,0,1,0,0,1
69eb30d70acce2d8d8158fef,5,9,0,72,0,0,7,0,0,7
69eb30d90acce2d8d8159008,3,22,0,161,0,0,49,0,10,89
69eb30e70acce2d8d81590a9,6,12,1,55,0,0,1,1,2,11
69eb30e80acce2d8d81590b5,1,19,0,175,0,0,45,29,13,155
69eb30fd0acce2d8d81591a6,5,20,0,107,0,0,33,16,4,81
69eb310a0acce2d8d8159242,6,19,1,26,0,0,10,16,0,42
69eb31100acce2d8d8159294,5,6,0,216,0,0,4,1,2,14
69eb31120acce2d8d81592a9,1,3,0,164,0,0,1,0,0,1
69eb31130acce2d8d81592b0,6,3,1,24,0,0,1,0,0,1
69eb31140acce2d8d81592b7,4,7,0,73,0,0,4,4,2,20
69eb31170acce2d8d81592d5,2,22,0,118,0,0,16,3,6,46
69eb311d0acce2d8d815931a,0,22,1,193,0,0,13,10,5,53
69eb31250acce2d8d8159368,6,15,1,89,0,0,7,1,1,13
69eb31270acce2d8d8159385,2,12,0,121,0,0,8,4,2,24
69eb312b0acce2d8d81593af,1,22,0,53,0,0,28,2,6,56
69eb31340acce2d8d8159413,5,0,0,55,0,0,1,0,0,1
69eb31340acce2d8d815941a,4,4,0,153,0,0,0,0,0,0
69eb31350acce2d8d815941e,0,7,1,114,0,0,5,3,2,19
69eb31380acce2d8d815943c,2,0,0,156,0,0,1,0,0,1
69eb31380acce2d8d8159443,6,9,1,86,0,0,9,2,2,21
69eb313c0acce2d8d815946a,3,17,0,71,0,0,5,0,0,5
69eb313d0acce2d8d815947d,4,22,0,32,0,0,4,9,2,30
69eb31410acce2d8d81594aa,2,11,0,145,0,0,2,2,1,10
69eb31430acce2d8d81594bb,2,0,0,70,0,0,1,0,0,1
69eb31430acce2d8d81594c2,1,5,0,31,0,0,1,0,0,1
69eb31440acce2d8d81594c9,6,10,1,49,0,0,4,4,0,12
69eb31460acce2d8d81594e5,5,20,0,71,0,0,33,18,4,85
69eb31530acce2d8d8159586,3,10,0,119,0,0,5,1,1,11
69eb31560acce2d8d815959d,1,0,0,163,0,0,1,0,0,1
69eb31560acce2d8d81595a4,5,7,0,61,0,0,4,3,2,18
69eb31590acce2d8d81595bf,0,1,1,126,0,0,0,0,0,0
69eb31590acce2d8d81595c3,5,5,0,117,0,0,0,0,0,0
69eb315a0acce2d8d81595c7,0,8,1,178,0,0,2,0,0,2
69eb315b0acce2d8d81595d1,4,21,0,72,0,0,12,6,14,80
69eb31630acce2d8d815961a,1,21,0,167,0,0,25,20,4,81
69eb316e0acce2d8d81596a9,6,9,1,127,0,0,1,1,1,7
69eb316f0acce2d8d81596b4,4,11,0,20,0,0,5,3,0,11
69eb31720acce2d8d81596d0,1,22,0,43,0,0,7,10,9,63
69eb31780acce2d8d8159711,4,4,0,202,0,0,1,0,0,1
69eb31790acce2d8d8159718,1,20,0,91,0,0,29,13,11,99
69eb31860acce2d8d81597a5,0,9,1,18,0,0,8,0,2,16
69eb31880acce2d8d81597c3,6,9,1,42,0,0,6,3,0,12
69eb318b0acce2d8d81597e2,3,2,0,54,0,0,1,0,0,1
69eb318c0acce2d8d81597e9,2,9,0,25,0,0,8,2,2,20
69eb318f0acce2d8d815980d,2,9,0,195,0,0,5,2,1,13
69eb31910acce2d8d8159827,2,4,0,94,0,0,1,0,0,1
69eb31920acce2d8d815982e,6,9,1,82,0,0,3,4,0,11
69eb31940acce2d8d8159847,2,12,0,152,0,0,3,3,2,17
69eb31960acce2d8d815985f,1,15,0,83,0,0,2,1,0,4
69eb31970acce2d8d815986c,2,8,0,120,0,0,1,4,1,13
69eb31990acce2d8d8159880,2,14,0,44,0,0,3,4,2,19
69eb319c0acce2d8d815989b,2,14,0,65,0,0,5,3,1,15
69eb319e0acce2d8d81598b8,6,11,1,95,0,0,1,4,0,9
69eb31a00acce2d8d81598cb,2,17,0,57,0,0,9,2,0,13
69eb31a30acce2d8d81598f0,1,16,0,126,0,0,1,3,2,15
69eb31a50acce2d8d8159902,6,10,1,29,0,0,9,4,1,21
69eb31a80acce2d8d815992e,2,11,0,30,0,0,5,2,0,9
69eb31aa0acce2d8d8159947,1,7,0,64,0,0,6,2,2,18
69eb31ad0acce2d8d8159965,6,5,1,44,0,0,1,0,0,1
69eb31ae0acce2d8d815996c,5,18,0,118,0,0,24,0,1,28
69eb31b40acce2d8d81599b9,6,0,1,100,0,0,0,0,0,0
69eb31b40acce2d8d81599bd,4,1,0,150,0,0,0,0,0,0
69eb31b50acce2d8d81599c1,1,18,0,56,0,0,11,19,11,93
69eb31bf0acce2d8d8159a2b,0,1,1,101,0,0,0,0,0,0
69eb31bf0acce2d8d8159a2f,2,16,0,162,0,0,0,2,2,12
69eb31c10acce2d8d8159a3b,5,4,0,169,0,0,1,0,0,1
69eb31c10acce2d8d8159a42,1,19,0,80,0,0,43,0,8,75
69eb31ce0acce2d8d8159ad0,1,17,0,42,0,0,9,2,2,21
69eb31d10acce2d8d8159af7,3,10,0,145,0,0,3,4,0,11
69eb31d30acce2d8d8159b10,6,0,1,26,0,0,1,0,0,1
69eb31d40acce2d8d8159b17,3,23,0,35,0,0,6,3,2,20
69eb31d70acce2d8d8159b38,2,18,0,121,0,0,5,1,5,27
69eb31da0acce2d8d8159b53,4,6,0,140,0,0,8,3,0,14
69eb31dd0acce2d8d8159b78,2,9,0,121,0,0,1,1,0,3
69eb31de0acce2d8d8159b82,4,23,0,162,0,0,0,3,2,14
69eb31df0acce2d8d8159b91,5,10,0,73,0,0,1,1,1,7
69eb31e10acce2d8d8159b9c,1,9,0,205,0,0,5,1,2,15
69eb31e30acce2d8d8159bb4,0,4,1,72,0,0,0,0,0,0
69eb31e30acce2d8d8159bb8,3,13,0,22,0,0,5,4,2,21
69eb31e60acce2d8d8159bd9,1,16,0,117,0,0,3,3,2,17
69eb31e90acce2d8d8159bf1,4,7,0,62,0,0,2,2,0,6
69eb31ea0acce2d8d8159c01,5,15,0,43,0,0,9,1,0,11
69eb31ed0acce2d8d8159c23,2,23,0,205,0,0,8,0,0,8
69eb31ef0acce2d8d8159c3f,0,15,1,155,0,0,4,4,2,20
69eb31f20acce2d8d8159c5d,2,21,0,87,0,0,42,19,4,96
69eb32010acce2d8d8159d1c,2,1,0,129,0,0,0,0,0,0
69eb32020acce2d8d8159d20,1,8,0,32,0,0,8,0,0,8
69eb32040acce2d8d8159d3c,4,19,0,70,0,0,56,3,3,74
69eb32130acce2d8d8159df4,6,7,1,63,0,0,4,2,0,8
69eb32140acce2d8d8159e0a,2,4,0,110,0,0,0,0,0,0
69eb32150acce2d8d8159e0e,2,21,0,36,0,0,1,10,2,29
69eb32180acce2d8d8159e35,5,17,0,108,0,0,8,1,0,10
69eb321b0acce2d8d8159e54,4,0,0,111,0,0,1,0,0,1
69eb321c0acce2d8d8159e5b,5,5,0,126,0,0,0,0,0,0
69eb321c0acce2d8d8159e5f,3,3,0,77,0,0,0,0,0,0
69eb321d0acce2d8d8159e63,1,15,0,72,0,0,9,3,2,23
69eb32200acce2d8d8159e8d,4,6,0,218,0,0,5,4,2,21
69eb32230acce2d8d8159eae,2,12,0,89,0,0,6,2,2,18
69eb32260acce2d8d8159ecc,6,6,1,158,0,0,7,0,2,15
69eb32280acce2d8d8159ee7,5,6,0,84,0,0,7,2,1,15
69eb322b0acce2d8d8159f07,2,7,0,169,0,0,6,1,0,8
69eb322d0acce2d8d8159f20,3,8,0,74,0,0,4,0,1,8
69eb322f0acce2d8d8159f31,3,7,0,110,0,0,7,3,1,17
69eb32320acce2d8d8159f54,3,6,0,56,0,0,2,4,0,10
69eb32340acce2d8d8159f6a,5,7,0,41,0,0,3,3,2,17
69eb32360acce2d8d8159f82,0,22,1,75,0,0,29,18,8,97
69eb32430acce2d8d815a01b,1,15,0,215,0,0,6,1,0,8
69eb32450acce2d8d815a034,3,13,0,87,0,0,0,3,0,6
69eb32460acce2d8d815a041,5,4,0,120,0,0,0,0,0,0
69eb32470acce2d8d815a045,1,16,0,81,0,0,0,3,1,10
69eb32480acce2d8d815a053,6,12,1,83,0,0,7,0,2,15
69eb324b0acce2d8d815a06e,0,3,1,130,0,0,1,0,0,1
69eb324b0acce2d8d815a075,4,18,0,141,0,0,32,5,16,106
69eb32580acce2d8d815a0fa,1,20,0,56,0,0,9,16,4,57
69eb32600acce2d8d815a14e,3,9,0,163,0,0,2,0,0,2
69eb32600acce2d8d815a158,3,21,0,65,0,0,51,6,11,107
69eb32710acce2d8d815a214,5,14,0,179,0,0,6,0,2,14
69eb32730acce2d8d815a22c,5,19,0,84,0,0,22,6,0,34
69eb327a0acce2d8d815a284,2,18,0,177,0,0,1,3,4,23
69eb327c0acce2d8d815a298,2,1,0,95,0,0,1,0,0,1
69eb327d0acce2d8d815a29f,1,21,0,70,0,0,47,3,8,85
69eb328b0acce2d8d815a341,5,18,0,178,0,0,27,8,0,43
69eb32930acce2d8d815a3ae,5,12,0,49,0,0,8,4,0,16
69eb32960acce2d8d815a3d6,5,4,0,38,0,0,0,0,0,0
69eb32970acce2d8d815a3da,5,0,0,39,0,0,0,0,0,0
69eb32970acce2d8d815a3de,1,17,0,148,0,0,3,1,2,13
69eb32990acce2d8d815a3f0,0,1,1,27,0,0,1,0,0,1
69eb329a0acce2d8d815a3f7,3,7,0,131,0,0,0,2,2,12
69eb329b0acce2d8d815a403,2,17,0,149,0,0,4,2,0,8
69eb329d0acce2d8d815a419,3,14,0,76,0,0,8,0,2,16
69eb32a00acce2d8d815a437,4,22,0,42,0,0,35,8,2,59
69eb32ab0acce2d8d815a4be,6,20,1,84,0,0,57,34,12,173
69eb32c40acce2d8d815a5e3,0,6,1,89,0,0,8,4,0,16
69eb32c70acce2d8d815a60b,6,21,1,76,0,0,19,7,10,73
69eb32cf0acce2d8d815a667,6,10,1,25,0,0,0,2,0,4
69eb32d00acce2d8d815a671,5,16,0,145,0,0,7,1,1,13
69eb32d30acce2d8d815a68e,5,0,0,75,0,0,1,0,0,1
69eb32d40acce2d8d815a695,2,13,0,118,0,0,7,0,0,7
69eb32d60acce2d8d815a6ae,5,23,0,97,0,0,8,1,2,18
69eb32d90acce2d8d815a6cf,1,16,0,36,0,0,1,2,0,5
69eb32da0acce2d8d815a6dc,6,8,1,105,0,0,0,4,2,16
69eb32dc0acce2d8d815a6ee,3,5,0,33,0,0,1,0,0,1
69eb32dc0acce2d8d815a6f5,6,4,1,87,0,0,1,0,0,1
69eb32dd0acce2d8d815a6fc,3,11,0,69,0,0,6,4,0,14
69eb32e00acce2d8d815a71e,3,6,0,35,0,0,1,4,1,13
69eb32e10acce2d8d815a732,2,10,0,142,0,0,2,4,0,10
69eb32e30acce2d8d815a748,0,23,1,134,0,0,0,0,1,4
69eb32e40acce2d8d815a74d,6,23,1,158,0,0,6,0,0,6
69eb32e60acce2d8d815a763,5,16,0,154,0,0,2,0,2,10
69eb32e70acce2d8d815a76f,2,3,0,60,0,0,0,0,0,0
69eb32e80acce2d8d815a773,4,1,0,56,0,0,0,0,0,0
69eb32e80acce2d8d815a777,2,9,0,26,0,0,8,2,0,12
69eb32eb0acce2d8d815a799,2,21,0,133,0,0,0,26,5,72
69eb32f20acce2d8d815a7f0,4,10,0,189,0,0,4,0,2,12
69eb32f40acce2d8d815a802,4,5,0,129,0,0,1,0,0,1
69eb32f50acce2d8d815a809,4,21,0,46,0,0,46,27,7,128
69eb33080acce2d8d815a8ef,2,14,0,152,0,0,7,1,1,13
69eb330a0acce2d8d815a90c,2,7,0,131,0,0,3,1,1,9
69eb330c0acce2d8d815a91d,6,20,1,76,0,0,54,27,12,156
69eb33220acce2d8d815aa20,5,4,0,77,0,0,1,0,0,1
69eb33230acce2d8d815aa27,6,0,1,86,0,0,0,0,0,0
69eb33230acce2d8d815aa2b,3,18,0,68,0,0,57,24,17,173
69eb333b0acce2d8d815ab34,2,12,0,126,0,0,1,2,0,5
69eb333c0acce2d8d815ab41,3,17,0,90,0,0,4,3,1,14
69eb333e0acce2d8d815ab5b,4,21,0,79,0,0,41,16,10,113
69eb334f0acce2d8d815ac14,0,17,1,60,0,0,7,0,0,7
69eb33510acce2d8d815ac2d,5,2,0,128,0,0,1,0,0,1
69eb33510acce2d8d815ac34,1,2,0,115,0,0,0,0,0,0
69eb33520acce2d8d815ac38,1,7,0,120,0,0,7,2,2,19
69eb33550acce2d8d815ac59,2,13,0,84,0,0,6,3,1,16
69eb33580acce2d8d815ac79,5,8,0,92,0,0,8,3,0,14
69eb335b0acce2d8d815ac9e,2,4,0,116,0,0,0,0,0,0
69eb335b0acce2d8d815aca2,5,8,0,68,0,0,1,2,1,9
69eb335d0acce2d8d815acb0,1,19,0,150,0,0,19,6,4,47
69eb33640acce2d8d815ad03,0,13,1,221,0,0,0,4,1,12
69eb33660acce2d8d815ad14,3,18,0,156,0,0,66,31,12,176
69eb33800acce2d8d815ae49,1,2,0,28,0,0,1,0,0,1
69eb33810acce2d8d815ae50,4,12,0,73,0,0,3,0,2,11
69eb33830acce2d8d815ae5f,5,4,0,19,0,0,0,0,0,0
69eb33830acce2d8d815ae63,3,3,0,20,0,0,1,0,0,1
69eb33840acce2d8d815ae6a,6,10,1,161,0,0,4,2,1,12
69eb33860acce2d8d815ae81,2,6,0,180,0,0,2,4,2,18
69eb33880acce2d8d815ae99,5,5,0,70,0,0,1,0,0,1
69eb33890acce2d8d815aea0,6,6,1,67,0,0,4,4,1,16
69eb338c0acce2d8d815aebd,5,6,0,117,0,0,2,0,1,6
69eb338d0acce2d8d815aec8,6,13,1,97,0,0,8,4,2,24
69eb33900acce2d8d815aef2,4,18,0,81,0,0,2,10,2,30
69eb33940acce2d8d815af1c,3,4,0,105,0,0,0,0,0,0
69eb33950acce2d8d815af20,6,7,1,171,0,0,9,3,0,15
69eb33980acce2d8d815af48,1,0,0,120,0,0,0,0,0,0
69eb33980acce2d8d815af4c,5,8,0,151,0,0,0,2,0,4
69eb33990acce2d8d815af56,1,12,0,86,0,0,2,4,1,14
69eb339b0acce2d8d815af6d,3,0,0,136,0,0,0,0,0,0
69eb339c0acce2d8d815af71,5,6,0,174,0,0,0,4,2,16
69eb339e0acce2d8d815af83,5,20,0,58,0,0,40,3,7,74
69eb33aa0acce2d8d815b00f,0,11,1,78,0,0,2,4,1,14
69eb33ac0acce2d8d815b026,2,10,0,95,0,0,5,3,1,15
69eb33af0acce2d8d815b043,6,3,1,99,0,0,1,0,0,1
69eb33af0acce2d8d815b04a,4,9,0,116,0,0,9,0,2,17
69eb33b20acce2d8d815b06b,3,2,0,32,0,0,1,0,0,1
69eb33b30acce2d8d815b072,0,17,1,51,0,0,7,3,1,17
69eb33b60acce2d8d815b095,1,21,0,103,0,0,21,21,12,111
69eb33c40acce2d8d815b124,1,5,0,163,0,0,0,0,0,0
69eb33c40acce2d8d815b128,0,15,1,78,0,0,3,0,2,11
69eb33c60acce2d8d815b137,6,13,1,70,0,0,5,2,0,9
69eb33c80acce2d8d815b150,5,21,0,89,0,0,37,22,9,117
69eb33d80acce2d8d815b20e,2,22,0,56,0,0,14,25,2,72
69eb33e20acce2d8d815b289,6,23,1,115,0,0,0,2,1,8
69eb33e30acce2d8d815b294,2,3,0,90,0,0,0,0,0,0
69eb33e40acce2d8d815b298,1,20,0,101,0,0,32,22,2,84
69eb33f20acce2d8d815b340,0,11,1,123,0,0,1,0,0,1
69eb33f20acce2d8d815b347,1,9,0,35,0,0,2,2,0,6
69eb33f40acce2d8d815b357,1,0,0,53,0,0,1,0,0,1
69eb33f40acce2d8d815b35e,5,22,0,127,0,0,22,1,1,28
69eb33fa0acce2d8d815b3a8,1,17,0,47,0,0,1,1,2,11
69eb33fc0acce2d8d815b3b4,6,23,1,61,0,0,8,3,1,18
69eb33ff0acce2d8d815b3da,2,17,0,63,0,0,2,0,2,10
69eb34010acce2d8d815b3e6,1,9,0,94,0,0,0,4,1,12
69eb34020acce2d8d815b3f7,6,23,1,81,0,0,4,1,2,14
69eb34040acce2d8d815b40c,1,0,0,56,0,0,1,0,0,1
69eb34050acce2d8d815b413,5,0,0,67,0,0,1,0,0,1
69eb34060acce2d8d815b41a,1,23,0,78,0,0,9,1,0,11
69eb34090acce2d8d815b43c,4,12,0,54,0,0,0,1,1,6
69eb34090acce2d8d815b444,1,23,0,50,0,0,8,1,0,10
69eb340c0acce2d8d815b463,6,14,1,69,0,0,4,3,2,18
69eb340f0acce2d8d815b47e,0,18,1,135,0,0,13,14,6,65
69eb34170acce2d8d815b4d9,2,0,0,76,0,0,1,0,0,1
69eb34180acce2d8d815b4e0,4,2,0,45,0,0,0,0,0,0
69eb34180acce2d8d815b4e4,4,15,0,64,0,0,6,0,1,10
69eb341a0acce2d8d815b4fb,5,22,0,148,0,0,10,1,13,64
69eb34200acce2d8d815b52e,2,12,0,86,0,0,8,3,1,18
69eb34240acce2d8d815b554,3,12,0,49,0,0,9,3,2,23
69eb34270acce2d8d815b57e,5,0,0,92,0,0,0,0,0,0
69eb34280acce2d8d815b582,0,17,1,126,0,0,0,4,0,8
69eb34290acce2d8d815b592,0,11,1,142,0,0,7,3,0,13
69eb342c0acce2d8d815b5b4,6,9,1,57,0,0,5,0,0,5
69eb342e0acce2d8d815b5c7,3,21,0,154,0,0,10,11,7,60
69eb34350acce2d8d815b611,6,18,1,35,0,0,7,4,0,15
69eb34380acce2d8d815b636,2,13,0,63,0,0,0,1,1,6
69eb34390acce2d8d815b63e,2,22,0,147,0,0,38,18,6,98
69eb34480acce2d8d815b6f0,1,7,0,63,0,0,6,3,2,20
69eb344b0acce2d8d815b711,0,4,1,190,0,0,0,0,0,0
69eb344b0acce2d8d815b715,4,13,0,94,0,0,2,1,1,8
69eb344c0acce2d8d815b723,0,19,1,167,0,0,14,19,0,52
69eb34540acce2d8d815b78a,1,15,0,39,0,0,4,1,1,10
69eb34560acce2d8d815b79e,3,15,0,114,0,0,1,4,1,13
69eb34580acce2d8d815b7b2,3,12,0,102,0,0,9,1,0,11
69eb345b0acce2d8d815b7d4,6,9,1,72,0,0,1,2,1,9
69eb345c0acce2d8d815b7e2,3,12,0,124,0,0,9,2,1,17
69eb345f0acce2d8d815b808,1,11,0,169,0,0,2,4,1,14
69eb34620acce2d8d815b81f,1,16,0,126,0,0,9,3,2,23
69eb34650acce2d8d815b849,2,3,0,65,0,0,0,0,0,0
69eb34660acce2d8d815b84d,2,16,0,74,0,0,6,3,1,16
69eb34680acce2d8d815b86d,1,7,0,149,0,0,5,3,2,19
69eb346b0acce2d8d815b88b,5,17,0,35,0,0,4,3,2,18
69eb346e0acce2d8d815b8a6,5,9,0,27,0,0,4,1,0,6
69eb346f0acce2d8d815b8b9,4,9,0,153,0,0,3,2,0,7
69eb34710acce2d8d815b8cc,5,5,0,131,0,0,0,0,0,0
69eb34710acce2d8d815b8d0,2,10,0,165,0,0,1,4,0,9
69eb34730acce2d8d815b8e3,3,16,0,119,0,0,3,0,1,7
69eb34740acce2d8d815b8f1,4,13,0,75,0,0,9,4,2,25
69eb34780acce2d8d815b91e,5,15,0,129,0,0,7,4,1,19
69eb347c0acce2d8d815b944,5,6,0,89,0,0,9,0,0,9
69eb347e0acce2d8d815b963,1,5,0,136,0,0,0,0,0,0
69eb347f0acce2d8d815b967,5,22,0,23,0,0,13,13,5,59
69eb34860acce2d8d815b9bf,6,7,1,43,0,0,6,2,2,18
69eb34890acce2d8d815b9dd,6,13,1,59,0,0,3,0,1,7
69eb348b0acce2d8d815b9eb,1,22,0,44,0,0,14,4,6,46
69eb34910acce2d8d815ba2d,2,1,0,164,0,0,0,0,0,0
69eb34920acce2d8d815ba31,0,18,1,67,0,0,5,2,12,57
69eb34960acce2d8d815ba56,6,10,1,158,0,0,1,1,0,3
69eb34970acce2d8d815ba60,2,0,0,47,0,0,1,0,0,1
69eb34980acce2d8d815ba67,2,16,0,119,0,0,8,0,1,12
69eb349b0acce2d8d815ba84,3,6,0,31,0,0,8,3,0,14
69eb349e0acce2d8d815baa9,6,10,1,116,0,0,1,1,1,7
69eb349f0acce2d8d815bab4,3,22,0,173,0,0,6,3,18,84
69eb34a60acce2d8d815bae6,3,16,0,78,0,0,5,2,2,17
69eb34a80acce2d8d815bb01,1,20,0,70,0,0,21,8,4,53
69eb34b00acce2d8d815bb60,4,17,0,150,0,0,1,4,2,17
69eb34b20acce2d8d815bb75,1,6,0,178,0,0,6,1,0,8
69eb34b40acce2d8d815bb8e,5,2,0,55,0,0,1,0,0,1
69eb34b50acce2d8d815bb95,0,15,1,84,0,0,6,3,1,16
69eb34b80acce2d8d815bbb5,2,9,0,85,0,0,3,2,1,11
69eb34ba0acce2d8d815bbc9,1,5,0,49,0,0,0,0,0,0
69eb34ba0acce2d8d815bbcd,5,14,0,81,0,0,6,2,2,18
69eb34bd0acce2d8d815bbeb,6,7,1,161,0,0,3,3,2,17
69eb34bf0acce2d8d815bc03,0,9,1,95,0,0,7,1,0,9
69eb34c20acce2d8d815bc1f,3,12,0,50,0,0,0,3,0,6
69eb34c30acce2d8d815bc2c,0,11,1,85,0,0,3,3,1,13
69eb34c50acce2d8d815bc43,2,15,0,120,0,0,9,4,0,17
69eb34c80acce2d8d815bc6e,3,9,0,152,0,0,1,0,2,9
69eb34c90acce2d8d815bc77,3,16,0,61,0,0,8,3,0,14
69eb34cc0acce2d8d815bc9c,5,7,0,112,0,0,6,2,1,14
69eb34cf0acce2d8d815bcb9,5,15,0,71,0,0,7,4,1,19
69eb34d20acce2d8d815bcdf,1,23,0,76,0,0,1,1,0,3
69eb34d30acce2d8d815bce9,6,19,1,148,0,0,1,12,5,45
69eb34d80acce2d8d815bd19,0,1,1,103,0,0,1,0,0,1
69eb34d80acce2d8d815bd20,2,13,0,189,0,0,5,0,0,5
69eb34da0acce2d8d815bd33,0,18,1,47,0,0,16,1,11,62
69eb34e10acce2d8d815bd75,4,21,0,119,0,0,35,7,6,73
69eb34ec0acce2d8d815bdfd,0,1,1,40,0,0,0,0,0,0
69eb34ed0acce2d8d815be01,2,9,0,88,0,0,5,1,0,7
69eb34ef0acce2d8d815be17,3,4,0,67,0,0,0,0,0,0
69eb34ef0acce2d8d815be1b,4,2,0,108,0,0,1,0,0,1
69eb34f00acce2d8d815be22,3,15,0,83,0,0,5,4,1,17
69eb34f30acce2d8d815be42,6,8,1,37,0,0,2,0,1,6
69eb34f40acce2d8d815be4d,1,7,0,153,0,0,2,2,2,14
69eb34f60acce2d8d815be5f,4,12,0,124,0,0,4,3,0,10
69eb34f80acce2d8d815be78,0,6,1,27,0,0,2,4,1,14
69eb34fa0acce2d8d815be8f,0,2,1,29,0,0,1,0,0,1
69eb34fa0acce2d8d815be96,5,10,0,51,0,0,9,1,2,19
69eb34fe0acce2d8d815beba,1,15,0,94,0,0,2,1,2,12
69eb34ff0acce2d8d815bec9,2,1,0,25,0,0,1,0,0,1
69eb35000acce2d8d815bed0,1,12,0,20,0,0,2,0,2,10
69eb35010acce2d8d815bedc,3,22,0,129,0,0,53,27,2,115
69eb35150acce2d8d815bfd2,4,1,0,67,0,0,0,0,0,0
69eb35150acce2d8d815bfd6,1,14,0,114,0,0,1,1,0,3
69eb35160acce2d8d815bfe0,3,21,0,59,0,0,24,2,2,36
69eb351d0acce2d8d815c034,1,11,0,72,0,0,9,0,2,17
69eb35200acce2d8d815c055,3,20,0,46,0,0,49,21,11,135
69eb35330acce2d8d815c136,3,5,0,103,0,0,1,0,0,1
69eb35340acce2d8d815c13d,4,16,0,151,0,0,8,4,2,24
69eb35380acce2d8d815c167,6,3,1,168,0,0,1,0,0,1
69eb35380acce2d8d815c16e,3,12,0,58,0,0,1,3,1,11
69eb353a0acce2d8d815c17f,3,5,0,54,0,0,0,0,0,0
69eb353a0acce2d8d815c183,4,18,0,170,0,0,39,19,13,129
69eb354c0acce2d8d815c243,0,8,1,189,0,0,4,4,2,20
69eb354e0acce2d8d815c261,2,18,0,112,0,0,37,19,6,99
69eb355d0acce2d8d815c313,3,3,0,88,0,0,1,0,0,1
69eb355e0acce2d8d815c31a,0,18,1,157,0,0,0,2,6,28
69eb35600acce2d8d815c32a,2,0,0,56,0,0,1,0,0,1
69eb35610acce2d8d815c331,4,13,0,102,0,0,5,4,2,21
69eb35640acce2d8d815c352,1,3,0,152,0,0,0,0,0,0
69eb35640acce2d8d815c356,0,9,1,118,0,0,2,0,2,10
69eb35660acce2d8d815c362,6,10,1,101,0,0,0,3,0,6
69eb35670acce2d8d815c36f,0,23,1,46,0,0,7,3,0,13
69eb35690acce2d8d815c391,4,3,0,158,0,0,1,0,0,1
69eb356a0acce2d8d815c398,3,16,0,76,0,0,7,2,2,19
69eb356d0acce2d8d815c3b9,6,10,1,72,0,0,0,1,2,10
69eb356e0acce2d8d815c3c2,2,7,0,165,0,0,9,0,2,17
69eb35710acce2d8d815c3e3,3,2,0,104,0,0,0,0,0,0
69eb35720acce2d8d815c3e7,2,5,0,55,0,0,1,0,0,1
69eb35720acce2d8d815c3ee,3,18,0,149,0,0,22,32,3,98
69eb35800acce2d8d815c498,3,9,0,50,0,0,4,2,2,16
69eb35830acce2d8d815c4b0,2,13,0,194,0,0,4,0,1,8
69eb35840acce2d8d815c4c1,0,8,1,184,0,0,1,1,1,7
69eb35850acce2d8d815c4cc,0,7,1,114,0,0,9,3,1,19
69eb35890acce2d8d815c4f5,5,11,0,127,0,0,7,4,0,15
69eb358c0acce2d8d815c51a,3,7,0,67,0,0,0,0,0,0
69eb358c0acce2d8d815c51e,6,16,1,148,0,0,2,2,2,14
69eb358e0acce2d8d815c530,2,11,0,221,0,0,7,2,0,11
69eb35910acce2d8d815c54f,5,23,0,147,0,0,5,1,2,15
69eb35930acce2d8d815c567,5,8,0,24,0,0,8,4,2,24
69eb35970acce2d8d815c591,6,8,1,124,0,0,3,4,1,15
69eb35990acce2d8d815c5ab,6,22,1,104,0,0,39,21,9,117
69eb35aa0acce2d8d815c66e,1,15,0,118,0,0,4,3,2,18
69eb35ac0acce2d8d815c689,1,18,0,44,0,0,36,18,3,84
69eb35ba0acce2d8d815c732,2,16,0,136,0,0,3,2,1,11
69eb35bc0acce2d8d815c746,6,7,1,147,0,0,4,1,0,6
69eb35bd0acce2d8d815c759,6,8,1,59,0,0,2,3,0,8
69eb35bf0acce2d8d815c76c,1,19,0,112,0,0,44,15,10,114
69eb35cf0acce2d8d815c82b,5,11,0,105,0,0,2,1,2,12
69eb35d10acce2d8d815c83a,6,23,1,108,0,0,9,0,1,13
69eb35d40acce2d8d815c85a,1,22,0,134,0,0,22,14,2,58
69eb35dd0acce2d8d815c8cc,2,11,0,128,0,0,0,1,1,6
69eb35de0acce2d8d815c8d4,1,23,0,139,0,0,7,2,0,11
69eb35e10acce2d8d815c8f3,0,1,1,66,0,0,1,0,0,1
69eb35e20acce2d8d815c8fa,6,16,1,193,0,0,6,3,2,20
69eb35e50acce2d8d815c91b,0,0,1,43,0,0,1,0,0,1
69eb35e50acce2d8d815c922,0,15,1,151,0,0,3,4,0,11
69eb35e70acce2d8d815c93b,5,10,0,26,0,0,9,1,2,19
69eb35eb0acce2d8d815c95f,3,19,0,145,0,0,13,21,3,67
69eb35f40acce2d8d815c9cc,0,5,1,82,0,0,1,0,0,1
69eb35f40acce2d8d815c9d3,4,23,0,165,0,0,8,2,0,12
69eb35f70acce2d8d815c9f5,5,5,0,31,0,0,1,0,0,1
69eb35f80acce2d8d815c9fc,2,16,0,166,0,0,9,1,2,19
69eb35fb0acce2d8d815ca20,3,2,0,153,0,0,0,0,0,0
69eb35fb0acce2d8d815ca24,3,16,0,28,0,0,4,2,2,16
69eb35fe0acce2d8d815ca3c,1,1,0,151,0,0,0,0,0,0
69eb35fe0acce2d8d815ca40,2,5,0,70,0,0,0,0,0,0
69eb35ff0acce2d8d815ca44,1,3,0,70,0,0,0,0,0,0
69eb35ff0acce2d8d815ca48,1,18,0,67,0,0,37,27,15,151
69eb36130acce2d8d815cb1e,4,16,0,101,0,0,8,4,2,24
69eb36160acce2d8d815cb48,6,12,1,136,0,0,7,1,2,17
69eb36190acce2d8d815cb66,4,12,0,131,0,0,1,4,2,17
69eb361b0acce2d8d815cb7b,1,11,0,199,0,0,5,1,0,7
69eb361d0acce2d8d815cb91,2,7,0,142,0,0,0,2,2,12
69eb361e0acce2d8d815cb9d,6,17,1,78,0,0,5,3,2,19
69eb36210acce2d8d815cbbb,6,5,1,48,0,0,1,0,0,1
69eb36220acce2d8d815cbc2,5,18,0,104,0,0,9,8,5,45
69eb36270acce2d8d815cbfe,5,19,0,112,0,0,26,7,5,60
69eb36310acce2d8d815cc6b,6,21,1,46,0,0,29,2,8,65
69eb363a0acce2d8d815ccd4,5,6,0,63,0,0,0,2,0,4
69eb363b0acce2d8d815ccde,1,22,0,106,0,0,12,19,4,66
69eb36440acce2d8d815cd43,4,16,0,159,0,0,1,4,1,13
69eb36460acce2d8d815cd57,0,19,1,33,0,0,19,22,2,71
69eb36500acce2d8d815cdd8,4,12,0,49,0,0,6,4,1,18
69eb36530acce2d8d815cdfb,1,10,0,28,0,0,1,0,1,5
69eb36540acce2d8d815ce03,6,18,1,56,0,0,40,8,0,56
69eb36600acce2d8d815ce97,1,13,0,38,0,0,3,4,1,15
69eb36620acce2d8d815ceb1,6,13,1,101,0,0,7,2,0,11
69eb36650acce2d8d815ced0,4,17,0,20,0,0,0,3,0,6
69eb36660acce2d8d815cedd,0,0,1,106,0,0,1,0,0,1
69eb36660acce2d8d815cee4,2,20,0,40,0,0,36,21,9,114
69eb36760acce2d8d815cf9d,6,9,1,132,0,0,8,0,1,12
69eb36790acce2d8d815cfba,4,22,0,166,0,0,17,24,10,105
69eb36850acce2d8d815d043,0,17,1,149,0,0,0,2,2,12
69eb36860acce2d8d815d04f,4,9,0,129,0,0,1,3,2,15
69eb36880acce2d8d815d061,1,16,0,136,0,0,8,2,2,20
69eb368b0acce2d8d815d085,6,8,1,112,0,0,4,1,2,14
69eb368e0acce2d8d815d09a,2,8,0,88,0,0,2,0,2,10
69eb368f0acce2d8d815d0a6,5,16,0,101,0,0,1,0,2,9
69eb36900acce2d8d815d0af,2,5,0,77,0,0,0,0,0,0
69eb36910acce2d8d815d0b3,0,13,1,141,0,0,8,3,1,18
69eb36940acce2d8d815d0d9,4,20,0,77,0,0,27,12,0,51
69eb369d0acce2d8d815d152,4,4,0,149,0,0,1,0,0,1
69eb369e0acce2d8d815d159,3,7,0,127,0,0,9,3,0,15
69eb36a10acce2d8d815d181,6,17,1,130,0,0,2,2,0,6
69eb36a20acce2d8d815d191,2,8,0,124,0,0,2,2,1,10
69eb36a40acce2d8d815d1a3,5,20,0,142,0,0,29,12,3,65
69eb36af0acce2d8d815d225,0,10,1,38,0,0,3,4,2,19
69eb36b10acce2d8d815d240,4,14,0,161,0,0,2,0,1,6
69eb36b30acce2d8d815d24b,0,9,1,92,0,0,6,4,1,18
69eb36b60acce2d8d815d26e,3,5,0,62,0,0,1,0,0,1
69eb36b60acce2d8d815d275,1,11,0,69,0,0,1,0,1,5
69eb36b70acce2d8d815d27d,5,0,0,163,0,0,0,0,0,0
69eb36b80acce2d8d815d281,0,1,1,67,0,0,0,0,0,0
69eb36b80acce2d8d815d285,0,13,1,125,0,0,9,4,1,21
69eb36bc0acce2d8d815d2b1,3,20,0,88,0,0,23,12,2,55
69eb36c50acce2d8d815d320,1,13,0,167,0,0,3,2,0,7
69eb36c60acce2d8d815d333,1,8,0,34,0,0,2,1,0,4
69eb36c80acce2d8d815d340,1,10,0,149,0,0,9,4,2,25
69eb36cb0acce2d8d815d36d,6,17,1,131,0,0,4,0,1,8
69eb36cd0acce2d8d815d37e,3,5,0,167,0,0,1,0,0,1
69eb36ce0acce2d8d815d385,5,0,0,154,0,0,0,0,0,0
69eb36ce0acce2d8d815d389,5,20,0,37,0,0,2,14,7,58
69eb36d40acce2d8d815d3c4,0,9,1,68,0,0,7,2,2,19
69eb36d70acce2d8d815d3e5,0,7,1,92,0,0,0,1,2,10
69eb36d80acce2d8d815d3ee,4,11,0,171,0,0,5,2,0,9
69eb36da0acce2d8d815d407,6,16,1,20,0,0,7,4,1,19
69eb36dd0acce2d8d815d42d,0,9,1,115,0,0,9,0,2,17
69eb36e00acce2d8d815d44e,4,16,0,157,0,0,4,3,1,14
69eb36e30acce2d8d815d468,1,10,0,135,0,0,8,4,2,24
69eb36e60acce2d8d815d492,3,22,0,110,0,0,6,4,7,42
69eb36eb0acce2d8d815d4bb,4,17,0,102,0,0,1,1,0,3
